Fund,Fname,Lname,Year,Month,City,State
aadr.us,Michael,Foster,1908,10,Oakland,Arizona
aaxj.us,Daniel,Carter,1917,6,Charlotte,Utah
acim.us,Chloe,Carter,1921,3,Albuquerque,Iowa
actx.us,Andrew,Foster,1924,4,Denver,Virginia
acwf.us,Henry,Davis,1910,8,Oakland,Oregon
acwi.us,Nathan,Cook,1924,3,Detroit,Hawaii
acwv.us,Jack,Carter,1911,12,Detroit,North Dakota
acwx.us,Hannah,Wright,1900,3,Columbus,Tennessee
adra.us,Benjamin,White,1914,11,Minneapolis,New Jersey
adrd.us,Anthony,Davis,1911,4,Fort Worth,New Hampshire
adre.us,John,Clark,1915,11,Denver,New Jersey
adru.us,Ava,Hayes,1930,3,Arlington,Minnesota
afk.us,Christopher,Clark,1924,3,Milwaukee,Illinois
agf.us,David,Hill,1905,6,Houston,New York
agg.us,Sofia,Taylor,1911,3,Columbus,New Mexico
agnd.us,Scarlett,Brown,1900,5,Fresno,Texas
agq.us,Oliver,Wilson,1922,2,Mesa,Texas
agz.us,Daniel,Lewis,1919,1,Long Beach,South Carolina
agzd.us,Evelyn,Murphy,1911,12,Tampa,West Virginia
aia.us,James,Cook,1900,5,Miami,Virginia
airr.us,Sophia,Thomas,1923,12,Philadelphia,Nebraska
ald.us,Amelia,Cook,1919,8,Philadelphia,Vermont
alfa.us,Joseph,Cook,1904,2,San Jose,Idaho
alts.us,Grace,Lopez,1913,9,Charlotte,Virginia
amj.us,Mia,Lewis,1918,5,Raleigh,New Hampshire
amjl.us,Avery,Murphy,1912,9,Milwaukee,Massachusetts
amlp.us,David,Parker,1908,9,Cleveland,Kentucky
amu.us,Daniel,Taylor,1914,10,Fresno,South Carolina
angl.us,Samuel,Taylor,1900,3,Tampa,Rhode Island
aoa.us,Abigail,Adams,1920,3,Miami,Oklahoma
aok.us,Mia,King,1911,7,Fresno,Massachusetts
aom.us,Gabriel,Stewart,1913,1,San Francisco,Louisiana
aor.us,Henry,Hill,1925,6,Arlington,New Hampshire
argt.us,Abigail,Hayes,1925,3,Indianapolis,Idaho
asea.us,Victoria,Walker,1929,6,Mesa,Nebraska
ashr.us,Victoria,Brown,1914,6,Arlington,Nevada
ashs.us,Scarlett,Harris,1929,9,Boston,Alabama
atmp.us,Benjamin,Johnson,1925,2,Sacramento,Maryland
ause.us,Harper,Foster,1924,6,Omaha,Rhode Island
axjl.us,Michael,Hayes,1916,7,Sacramento,South Dakota
axjv.us,Emma,Reynolds,1914,6,Seattle,Wisconsin
ayt.us,Avery,Parker,1930,3,Portland,Alaska
bab.us,Evelyn,Morgan,1904,8,Boston,Maryland
bal.us,Grace,Hall,1903,3,Atlanta,Florida
bbh.us,Sophia,Reed,1913,10,Oakland,Rhode Island
bbp.us,Elizabeth,Rogers,1930,2,Austin,Oregon
bbrc.us,Scarlett,Turner,1903,2,Las Vegas,Oregon
bcm.us,Sophia,Murphy,1926,2,Phoenix,Oklahoma
bdcl.us,Olivia,Lee,1924,8,Milwaukee,South Dakota
bdcs.us,Daniel,Clark,1909,10,New York,Kansas
bdd.us,Ava,Jackson,1924,12,San Diego,Minnesota
bfor.us,James,Campbell,1919,12,Denver,Nevada
bib.us,Amelia,Hill,1901,11,Chicago,Delaware
bick.us,Zoe,Bennett,1920,10,Fort Worth,Michigan
bil.us,Benjamin,Cooper,1918,3,Sacramento,New Jersey
bis.us,Matthew,Young,1930,10,Virginia Beach,Florida
biv.us,Benjamin,Murphy,1905,10,Denver,Massachusetts
bizd.us,Grace,Walker,1927,7,San Diego,Massachusetts
bjk.us,Elizabeth,Lee,1911,2,Columbus,Tennessee
bkf.us,Sebastian,Hayes,1928,5,Cleveland,Utah
bkln.us,Michael,Griffin,1906,2,Arlington,Utah
blv.us,John,Clark,1924,1,San Diego,South Dakota
bnd.us,Henry,Hill,1920,6,New York,Massachusetts
bndx.us,Grace,Reynolds,1930,1,Kansas City,Oklahoma
bno.us,David,Thomas,1918,12,Seattle,New Mexico
boil.us,Hannah,Murphy,1904,3,Milwaukee,Illinois
bom.us,Ava,Turner,1921,5,Arlington,Maine
bond.us,Emma,Scott,1925,3,Arlington,Indiana
braq.us,Olivia,Young,1905,7,Portland,Wisconsin
brf.us,Sofia,Bennett,1905,4,New York,Pennsylvania
brzu.us,Alexander,Reed,1918,10,Arlington,Rhode Island
bsch.us,Matthew,Lewis,1924,8,Miami,New Hampshire
bsci.us,Sophia,Young,1926,12,San Diego,Maryland
bscj.us,Olivia,Cook,1924,11,Tampa,Idaho
bsck.us,Scarlett,Hill,1921,9,New York,North Dakota
bscl.us,Daniel,Wright,1901,5,Albuquerque,Louisiana
bscm.us,Layla,Adams,1922,12,Milwaukee,Alaska
bscn.us,Matthew,Lopez,1917,2,Denver,Minnesota
bsco.us,Zoe,Walker,1900,5,Louisville,Ohio
bsjh.us,Harper,Diaz,1922,7,Arlington,Ohio
bsji.us,Benjamin,Reynolds,1903,11,Colorado Springs,Hawaii
bsjj.us,Elizabeth,Smith,1904,2,Kansas City,Missouri
bsjk.us,William,Scott,1913,3,Boston,Delaware
bsjl.us,Madison,Harris,1922,10,Omaha,New Mexico
bsjm.us,Sophia,Rogers,1904,9,Seattle,Connecticut
bsv.us,Sophia,Rivera,1924,9,Albuquerque,Missouri
btal.us,Victoria,Smith,1921,8,Virginia Beach,Ohio
bwv.us,Emily,Reynolds,1905,6,Seattle,Tennessee
bwx.us,Emma,Reed,1907,2,Seattle,Rhode Island
bwz.us,Grace,Wright,1922,3,Philadelphia,Oregon
byld.us,Elizabeth,Hayes,1903,12,Fort Worth,Tennessee
bzf.us,Isabella,Thomas,1901,8,Charlotte,Maryland
bzq.us,David,Rogers,1909,2,Denver,Pennsylvania
cafe.us,Elizabeth,Watson,1901,6,Jacksonville,California
cane.us,Alexander,Clark,1907,6,Los Angeles,Louisiana
cape.us,Ethan,Watson,1919,9,Colorado Springs,Montana
carz.us,Harper,Lopez,1908,9,Raleigh,South Carolina
cbnd.us,Christopher,Lopez,1903,3,Colorado Springs,Illinois
cbon.us,Daniel,Allen,1913,2,Austin,Massachusetts
cefl.us,Jacob,Anderson,1928,1,Cleveland,Alabama
cew.us,Scarlett,Russell,1914,1,Chicago,Massachusetts
cgw.us,Andrew,Lee,1916,9,Milwaukee,Illinois
chau.us,Anthony,Adams,1912,7,Kansas City,Minnesota
chep.us,David,Lopez,1900,9,Arlington,Florida
chie.us,Alexander,Anderson,1906,3,Arlington,Virginia
chii.us,Evelyn,Wilson,1912,12,San Diego,Maryland
chim.us,Daniel,Thomas,1908,5,Fort Worth,Nebraska
chiq.us,Oliver,Jackson,1922,10,Dallas,Mississippi
chix.us,Sofia,Walker,1912,4,Nashville,West Virginia
choc.us,Abigail,Lee,1915,7,Long Beach,Washington
ciu.us,Christopher,Stewart,1913,11,New Orleans,Vermont
cjnk.us,James,Rogers,1902,8,Washington,Oklahoma
cly.us,Lily,Clark,1930,4,Miami,Missouri
cmbs.us,Amelia,Watson,1918,6,Raleigh,Arkansas
cmdt.us,Scarlett,Watson,1914,9,Seattle,Mississippi
cmf.us,Daniel,Murphy,1925,12,Austin,South Carolina
cn.us,Jackson,Diaz,1921,3,Colorado Springs,Arkansas
cnda.us,Joseph,White,1927,7,Raleigh,Massachusetts
cntr.us,Mia,Clark,1911,1,New Orleans,Idaho
cnxt.us,Victoria,Morris,1930,3,Portland,Michigan
cny.us,Mia,Foster,1921,9,Virginia Beach,Missouri
comt.us,Madison,Bennett,1909,4,Seattle,Nebraska
copx.us,Avery,Taylor,1928,11,Washington,Indiana
corn.us,Olivia,Bryant,1923,3,Portland,Wisconsin
corp.us,Grace,Rivera,1912,8,San Jose,Wisconsin
cow.us,Matthew,Foster,1906,5,San Jose,Alaska
cper.us,Chloe,Young,1916,4,New Orleans,Maine
cpi.us,Anthony,Brown,1922,12,Memphis,Oklahoma
cqqq.us,Evelyn,Baker,1922,6,Wichita,Arkansas
crbn.us,Mia,Carter,1925,3,Phoenix,Iowa
cred.us,Lily,Carter,1912,4,Chicago,Colorado
croc.us,Ava,Rivera,1902,1,Charlotte,Utah
crop.us,David,Foster,1925,11,Memphis,Nebraska
csd.us,Samuel,Parker,1922,4,Baltimore,Rhode Island
csj.us,Victoria,Foster,1914,1,Tulsa,Rhode Island
csm.us,Elijah,Russell,1905,2,Columbus,Pennsylvania
ctnn.us,Layla,Taylor,1926,11,Washington,Pennsylvania
cupm.us,Sebastian,Turner,1923,5,Virginia Beach,Delaware
cure.us,Evelyn,Hayes,1916,8,San Diego,Oregon
cut.us,Emma,Taylor,1911,9,Detroit,Minnesota
cvy.us,Avery,Walker,1929,9,Chicago,New York
cwb.us,John,Rogers,1905,9,Atlanta,Louisiana
cwi.us,Daniel,Walker,1911,6,San Jose,Connecticut
cyb.us,William,Davis,1902,2,San Antonio,Nebraska
cza.us,Ethan,Stewart,1928,9,Jacksonville,Delaware
dag.us,Zoe,Miller,1911,10,Milwaukee,Arizona
dba.us,Hannah,Young,1908,6,Columbus,Maine
dbap.us,John,Hayes,1916,1,Atlanta,Louisiana
dbaw.us,Emma,Wright,1902,5,Portland,Illinois
dbb.us,Nathan,Griffin,1908,1,Nashville,Texas
dbbr.us,Samuel,Bennett,1911,1,Portland,Georgia
dbc.us,Michael,Thomas,1914,1,Fort Worth,Kentucky
dbe.us,Elijah,Watson,1920,7,Baltimore,Utah
dbef.us,Grace,Carter,1926,9,Columbus,Nebraska
dbem.us,Zoe,Wilson,1922,9,Nashville,Wyoming
dbeu.us,Benjamin,Lewis,1928,12,Oklahoma City,Colorado
dbez.us,Chloe,Baker,1907,10,Virginia Beach,South Carolina
dbgr.us,Hannah,Russell,1926,6,Phoenix,Wyoming
dbjp.us,Emily,Wright,1926,8,Raleigh,Nebraska
dbko.us,Oliver,Carter,1921,10,Boston,Florida
dbmx.us,Charlotte,Carter,1911,8,Colorado Springs,Massachusetts
dbo.us,Emily,Lewis,1907,6,Milwaukee,Kentucky
dbp.us,Evelyn,Wilson,1901,1,Raleigh,New Mexico
dbs.us,James,Young,1923,7,Washington,Minnesota
dbuk.us,Christopher,Carter,1908,9,Seattle,Nebraska
dbv.us,Henry,Brown,1923,11,Dallas,Arkansas
dcng.us,Elizabeth,Morgan,1905,10,Jacksonville,Maryland
ddg.us,Amelia,Johnson,1919,6,Jacksonville,Wisconsin
ddm.us,Ethan,Campbell,1907,10,Denver,Connecticut
ddp.us,Layla,Hayes,1920,9,Cleveland,North Carolina
def.us,Jack,Rivera,1910,9,Tulsa,Massachusetts
dem.us,Matthew,Hill,1905,9,San Francisco,Arizona
des.us,Benjamin,Rogers,1929,11,Chicago,Hawaii
dew.us,Anthony,Hill,1930,1,Houston,South Dakota
dfe.us,Lily,Reynolds,1916,12,Chicago,Massachusetts
dfj.us,Daniel,Cooper,1909,8,Las Vegas,Louisiana
dgaz.us,Jackson,Stewart,1926,6,Houston,Kentucky
dgl.us,Charlotte,Wright,1912,4,Los Angeles,Virginia
dgld.us,Amelia,Griffin,1923,12,Charlotte,Florida
dgp.us,Ethan,Wilson,1906,2,Tucson,Texas
dgre.us,Jackson,Rivera,1929,8,Tucson,Michigan
dgro.us,Nathan,Carter,1928,10,Tampa,Rhode Island
dgrs.us,Jack,Brown,1909,3,Indianapolis,Indiana
dgrw.us,James,Anderson,1920,7,Tucson,Maine
dgs.us,Madison,Diaz,1908,4,Cleveland,West Virginia
dgt.us,Alexander,Miller,1916,10,Las Vegas,New Jersey
dgz.us,Sophia,Hall,1907,7,Virginia Beach,Tennessee
dhs.us,Andrew,Anderson,1911,3,Oakland,Vermont
dia.us,John,Morris,1918,11,Minneapolis,Michigan
dig.us,Ethan,Rivera,1920,5,Wichita,New Hampshire
dim.us,Lily,King,1915,1,Philadelphia,Oklahoma
dirt.us,Avery,Morris,1904,2,Philadelphia,New Hampshire
div.us,Lily,Green,1920,2,San Diego,Louisiana
djci.us,Scarlett,Thomas,1926,3,Tampa,New Hampshire
djp.us,Samuel,Jackson,1921,4,Virginia Beach,Oklahoma
dln.us,Sophia,Parker,1904,3,San Francisco,North Dakota
dls.us,Lily,Foster,1928,11,Fort Worth,Indiana
dnl.us,Christopher,Green,1924,7,Memphis,Oklahoma
dno.us,Amelia,Johnson,1913,3,Denver,Delaware
dod.us,Ava,Jackson,1901,5,Minneapolis,New Jersey
dog.us,William,Reynolds,1913,2,Miami,Missouri
dol.us,Lily,Clark,1915,12,Charlotte,Colorado
don.us,William,Morris,1924,2,Tucson,Kentucky
doo.us,Elijah,White,1923,7,Dallas,Connecticut
dpk.us,Lily,Wilson,1908,10,New York,Minnesota
drip.us,James,Green,1930,8,Miami,Indiana
drn.us,Alexander,Bryant,1916,8,Philadelphia,Idaho
drr.us,Chloe,Murphy,1909,7,Phoenix,Florida
drv.us,Ethan,Lee,1922,2,Denver,Virginia
drw.us,Henry,Walker,1911,4,Dallas,Kentucky
dsi.us,Elizabeth,Brown,1904,6,Detroit,Nevada
dslv.us,Layla,Smith,1930,4,San Jose,New York
dsum.us,Abigail,Turner,1907,5,Mesa,Michigan
dtd.us,Oliver,Taylor,1924,4,Columbus,Michigan
dth.us,Elijah,Anderson,1922,3,Phoenix,Pennsylvania
dtn.us,Layla,Adams,1911,10,Tampa,Virginia
dto.us,Henry,Morgan,1910,4,Sacramento,Mississippi
dug.us,Jackson,Johnson,1925,12,San Francisco,Delaware
dust.us,Layla,King,1927,5,Tampa,Montana
dvhl.us,Christopher,Taylor,1920,11,Charlotte,Arkansas
dvy.us,Sophia,Young,1905,2,New York,New Jersey
dvya.us,Jacob,White,1913,3,San Diego,Alabama
dvye.us,Hannah,Johnson,1919,9,Mesa,South Dakota
dvyl.us,Ethan,Turner,1905,8,Albuquerque,Florida
dwm.us,Mia,Turner,1921,1,Fort Worth,Massachusetts
dwx.us,William,Taylor,1927,2,New Orleans,Florida
dxd.us,Michael,Cooper,1900,8,San Jose,Nevada
dxge.us,Olivia,Reed,1925,3,Charlotte,North Carolina
dxj.us,James,Rivera,1912,7,Tampa,Connecticut
dxjc.us,Christopher,Morgan,1903,9,Louisville,Montana
dxjf.us,Sophia,Reed,1913,9,Kansas City,Arkansas
dxjh.us,Emily,Allen,1929,4,Columbus,Maine
dxjr.us,Elizabeth,Green,1901,12,San Diego,Texas
dxjs.us,Hannah,Hill,1906,10,Mesa,Massachusetts
dxps.us,David,Lee,1924,8,Raleigh,Indiana
dyy.us,Grace,Parker,1930,12,San Diego,Illinois
dzk.us,Chloe,Thomas,1910,7,Jacksonville,Montana
dzz.us,Joseph,Wright,1924,4,Dallas,Tennessee
ebnd.us,Lily,Adams,1906,3,Washington,Colorado
ech.us,Hannah,Carter,1928,7,Jacksonville,Idaho
ecns.us,Anthony,Walker,1925,10,Chicago,Minnesota
econ.us,Victoria,Turner,1928,9,Jacksonville,Georgia
edc.us,Anthony,Taylor,1905,12,San Jose,Massachusetts
eden.us,Henry,Carter,1930,7,Fort Worth,New Hampshire
ediv.us,Scarlett,King,1916,7,Arlington,Kansas
edog.us,Joseph,Miller,1906,6,Sacramento,Texas
edv.us,Elijah,Miller,1918,12,Raleigh,New Hampshire
edz.us,Daniel,Watson,1912,11,Memphis,Texas
eeb.us,Elizabeth,Anderson,1916,10,Detroit,Ohio
eeh.us,Gabriel,Wilson,1924,7,Columbus,Kentucky
eelv.us,Amelia,Allen,1903,7,Fresno,Oregon
eem.us,Elizabeth,Miller,1904,5,Arlington,Montana
eema.us,Ava,Reed,1912,4,Oakland,Delaware
eems.us,Benjamin,Harris,1911,12,Omaha,Idaho
eemv.us,Sebastian,Reed,1929,10,Houston,Washington
ees.us,Andrew,Bennett,1925,8,Baltimore,Delaware
eet.us,Ava,Thomas,1915,10,Tampa,Colorado
eev.us,Daniel,Morgan,1906,6,Tampa,Alabama
efa.us,Gabriel,Anderson,1924,6,Memphis,Mississippi
efad.us,Ella,Cooper,1901,12,Wichita,Wyoming
efav.us,Victoria,Davis,1901,7,Nashville,California
effe.us,Harper,Wilson,1903,12,San Francisco,Minnesota
efg.us,Zoe,Anderson,1929,11,San Diego,Michigan
efo.us,Sebastian,Morris,1916,11,Tampa,Missouri
efu.us,Sebastian,Jackson,1915,5,Colorado Springs,Indiana
efv.us,Victoria,Foster,1919,9,Milwaukee,Kansas
efz.us,Hannah,Baker,1900,12,Tampa,West Virginia
egpt.us,Alexander,Miller,1929,12,Memphis,Florida
eido.us,Scarlett,Bennett,1914,5,Boston,Georgia
eirl.us,Hannah,Lee,1909,4,Boston,North Carolina
eis.us,Amelia,Campbell,1914,6,Raleigh,New Mexico
eld.us,Sebastian,Rivera,1923,7,Fort Worth,Virginia
emag.us,Sofia,Jackson,1908,1,Phoenix,Missouri
emb.us,Isabella,Harris,1901,5,Dallas,Wyoming
emcb.us,Emma,Reynolds,1908,4,Portland,Utah
emcg.us,Joseph,Young,1916,4,Mesa,Ohio
emfm.us,Abigail,Turner,1915,3,Tampa,Arizona
emif.us,Elijah,Taylor,1923,8,Austin,Tennessee
emih.us,William,Griffin,1928,9,Chicago,Pennsylvania
emlc.us,Layla,Cooper,1906,11,Miami,Oregon
emlp.us,Benjamin,Carter,1911,2,Cleveland,Wyoming
emsh.us,Gabriel,Wilson,1927,1,Tucson,Nebraska
enfr.us,Hannah,Scott,1900,6,Sacramento,Pennsylvania
eny.us,Grace,Russell,1926,12,Mesa,Louisiana
enzl.us,Henry,Thomas,1906,12,Tucson,Maine
ephe.us,Daniel,Stewart,1904,8,Indianapolis,Washington
epi.us,Daniel,White,1905,1,San Diego,Utah
epol.us,Abigail,King,1915,3,Fort Worth,Utah
epp.us,Grace,Lee,1902,8,Arlington,Rhode Island
eps.us,Jackson,Watson,1916,4,Virginia Beach,West Virginia
epu.us,Evelyn,Bryant,1902,9,New York,North Carolina
epv.us,Sebastian,Davis,1929,10,Fresno,California
eqal.us,Ethan,Campbell,1914,3,Seattle,Rhode Island
eql.us,Lily,Allen,1913,3,Boston,Washington
eqlt.us,Amelia,Reynolds,1917,11,Fresno,Wisconsin
eqwl.us,Henry,Wilson,1904,11,Chicago,Kansas
eqwm.us,Nathan,Russell,1918,6,San Jose,Massachusetts
eqws.us,Victoria,Walker,1907,9,Raleigh,Oregon
ero.us,Grace,Bennett,1923,1,Phoenix,Wyoming
erus.us,Nathan,Clark,1911,8,Portland,Wyoming
erx.us,Evelyn,Miller,1910,9,Portland,Maine
ery.us,Sofia,Davis,1907,2,Charlotte,Michigan
eudg.us,Evelyn,Russell,1904,5,Kansas City,Oklahoma
eufn.us,William,Morgan,1912,8,Albuquerque,Illinois
eufx.us,Jacob,Moore,1917,1,San Jose,Minnesota
eum.us,Nathan,Lopez,1912,1,Los Angeles,Wyoming
eumv.us,Victoria,Watson,1901,11,Nashville,South Dakota
euo.us,Emily,Lopez,1904,3,Houston,Wyoming
eurl.us,John,Lopez,1914,10,Houston,Maryland
eusa.us,Henry,Lopez,1922,11,Albuquerque,Louisiana
eusc.us,Samuel,Murphy,1906,2,Columbus,Louisiana
evx.us,Daniel,Baker,1917,5,Los Angeles,Louisiana
ewa.us,Scarlett,Murphy,1907,1,Columbus,New Hampshire
ewc.us,Lily,Cook,1908,3,Los Angeles,Delaware
ewd.us,Grace,Hill,1927,2,Tulsa,Minnesota
ewem.us,Ella,Morris,1930,7,Sacramento,Colorado
ewg.us,Joseph,Baker,1918,5,Tulsa,Nebraska
ewh.us,Victoria,Campbell,1904,1,Colorado Springs,Idaho
ewi.us,Isabella,Wilson,1930,4,Portland,Virginia
ewj.us,Christopher,Russell,1920,2,Omaha,Utah
ewk.us,Alexander,Wright,1923,2,Memphis,Missouri
ewl.us,Sebastian,Hall,1924,3,Fresno,Arizona
ewm.us,Ethan,Moore,1920,9,Oklahoma City,Maryland
ewn.us,Harper,Anderson,1916,5,Milwaukee,California
ewo.us,Alexander,Russell,1922,7,Minneapolis,Washington
ewp.us,Jackson,Johnson,1912,11,Minneapolis,Rhode Island
ewq.us,Jacob,Campbell,1917,8,Columbus,Alaska
ews.us,Grace,Cooper,1911,8,Minneapolis,Hawaii
ewt.us,Joseph,Jackson,1914,6,New Orleans,Indiana
ewu.us,Emma,Cooper,1906,9,Atlanta,Indiana
ewv.us,Madison,Lopez,1902,4,Oakland,Georgia
eww.us,Emma,Cook,1924,11,Philadelphia,Maine
ewx.us,Daniel,Scott,1904,6,Columbus,Oklahoma
ewy.us,Mia,Walker,1902,2,Houston,South Carolina
ewz.us,Sofia,Brown,1909,1,Minneapolis,Pennsylvania
ewzs.us,Anthony,Stewart,1918,4,New Orleans,Nevada
exi.us,Samuel,Cook,1926,5,Jacksonville,Delaware
ext.us,William,Brown,1906,1,Austin,Utah
eza.us,Henry,Wright,1909,9,Tampa,Idaho
ezj.us,Michael,Brown,1917,9,San Jose,Colorado
ezm.us,Samuel,Young,1904,12,Houston,Maryland
ezu.us,Harper,Davis,1927,1,Boston,Kentucky
ezy.us,Samuel,Reynolds,1918,4,Portland,Missouri
fab.us,Andrew,Parker,1929,12,Chicago,Tennessee
fad.us,Nathan,Baker,1907,7,San Francisco,Texas
fam.us,Hannah,Watson,1909,2,Raleigh,Alabama
fan.us,Ella,Hayes,1913,5,Nashville,Delaware
fas.us,Sebastian,Walker,1919,8,San Jose,California
faus.us,Sebastian,Taylor,1911,9,Dallas,Washington
faz.us,Ethan,Adams,1915,7,Fresno,Idaho
fbgx.us,Elizabeth,Young,1922,10,Omaha,Vermont
fbnd.us,Michael,Morgan,1901,10,New York,Arizona
fbt.us,Victoria,Smith,1911,6,Virginia Beach,Alaska
fbz.us,Elizabeth,Clark,1911,9,Louisville,Virginia
fca.us,Sofia,Foster,1905,12,Austin,Michigan
fcan.us,Emily,Lopez,1911,6,San Antonio,Nebraska
fcg.us,Avery,Clark,1928,1,Atlanta,Oklahoma
fcom.us,Michael,Stewart,1913,1,Louisville,Florida
fcor.us,Hannah,King,1929,5,Fort Worth,South Dakota
fct.us,Matthew,Griffin,1930,6,New York,Vermont
fdd.us,Matthew,Murphy,1913,6,Seattle,North Carolina
fdis.us,Zoe,Baker,1922,1,Fresno,Connecticut
fdiv.us,Ella,Foster,1914,12,Houston,New Mexico
fdl.us,Lily,Taylor,1901,6,Austin,West Virginia
fdm.us,Ethan,Wilson,1908,9,Arlington,Massachusetts
fdn.us,Matthew,Davis,1930,8,Nashville,California
fdt.us,Matthew,Anderson,1900,12,Portland,Delaware
fdts.us,Jack,Smith,1928,6,Miami,Rhode Island
feeu.us,Sebastian,Murphy,1922,11,Tampa,Pennsylvania
fei.us,Emma,Lee,1925,7,Louisville,North Carolina
fem.us,Alexander,Clark,1927,9,Memphis,Alaska
femb.us,Charlotte,Smith,1913,1,Seattle,New Jersey
fems.us,Michael,Young,1903,9,Jacksonville,Utah
feny.us,Avery,Cooper,1929,4,Austin,Ohio
feo.us,Layla,Rogers,1929,10,Oklahoma City,Massachusetts
fep.us,David,Young,1915,3,Tulsa,Montana
feu.us,Hannah,Murphy,1920,9,San Jose,Connecticut
feuz.us,Jacob,Reynolds,1913,3,Dallas,Colorado
fex.us,Anthony,Adams,1916,7,San Antonio,Missouri
fez.us,Anthony,Walker,1923,3,Indianapolis,Massachusetts
ffa.us,Amelia,Harris,1914,2,Fresno,South Dakota
ffr.us,Ava,Thomas,1902,9,Tucson,Utah
fgb.us,Mia,Stewart,1900,8,Mesa,Tennessee
fgd.us,Henry,Rogers,1909,9,Austin,Ohio
fgm.us,Ethan,Lee,1906,5,Boston,North Carolina
fhk.us,Avery,Scott,1919,9,Boston,Massachusetts
fhlc.us,Sebastian,Harris,1907,6,New Orleans,Vermont
fhy.us,Grace,Campbell,1903,10,Phoenix,Florida
fidu.us,Emma,Hall,1925,6,San Antonio,Virginia
fieg.us,Elijah,Lewis,1913,11,Baltimore,Kentucky
fieu.us,Joseph,Cook,1919,1,San Diego,Vermont
fif.us,Amelia,White,1906,12,Phoenix,New York
figy.us,Ava,Reed,1909,12,Miami,Minnesota
fill.us,David,Gray,1913,10,Virginia Beach,Kentucky
finu.us,Sophia,Walker,1915,7,Kansas City,Idaho
finz.us,William,Adams,1929,9,Atlanta,Florida
fiw.us,Harper,Bennett,1926,1,Philadelphia,North Carolina
fjp.us,Jacob,King,1903,11,Nashville,Wisconsin
fko.us,Abigail,Cooper,1905,9,San Antonio,West Virginia
fku.us,Benjamin,Wilson,1919,5,Oklahoma City,North Dakota
flag.us,Harper,King,1906,6,San Antonio,Oregon
flge.us,Avery,Russell,1919,6,Long Beach,New York
flm.us,Elijah,Harris,1900,1,Las Vegas,North Dakota
fln.us,Mia,Foster,1917,2,Philadelphia,Nebraska
flot.us,Daniel,Harris,1929,5,Phoenix,Maryland
flrn.us,Jack,Smith,1913,12,Washington,South Carolina
flrt.us,Daniel,Turner,1917,2,Sacramento,Utah
fltb.us,Michael,Bennett,1901,3,Fresno,Hawaii
fltr.us,John,Bennett,1904,5,Charlotte,Rhode Island
fm.us,Emma,Jackson,1915,12,San Diego,Nebraska
fmat.us,Amelia,Bryant,1901,2,Phoenix,South Dakota
fmb.us,Madison,Reynolds,1918,3,Oakland,Indiana
fmf.us,Mia,Griffin,1919,7,Columbus,Florida
fmk.us,Ava,Rogers,1911,6,San Francisco,Utah
fmy.us,Anthony,Parker,1914,8,Memphis,Florida
fncl.us,Lily,Murphy,1903,8,Boston,Arkansas
fnda.us,Nathan,Cooper,1930,10,Wichita,South Dakota
fndb.us,Zoe,Wright,1911,5,Kansas City,Illinois
fndc.us,Samuel,Rogers,1918,2,Austin,Ohio
fnde.us,Sofia,Miller,1907,1,Las Vegas,West Virginia
fndf.us,Christopher,Hayes,1907,6,Tucson,Minnesota
fndx.us,Michael,Brown,1906,5,Detroit,Utah
fni.us,Chloe,Hill,1905,9,Seattle,Louisiana
fnk.us,Michael,Foster,1918,3,Los Angeles,Wyoming
fnx.us,Elijah,Taylor,1902,2,Baltimore,Massachusetts
fny.us,John,Young,1922,4,Los Angeles,Pennsylvania
foil.us,Layla,Miller,1905,11,Indianapolis,Illinois
fone.us,Jackson,Taylor,1924,2,Austin,North Carolina
fpa.us,Ella,Lee,1929,9,San Francisco,Oklahoma
fpe.us,Michael,Morris,1929,11,Colorado Springs,Georgia
fpf.us,Oliver,Miller,1905,5,Virginia Beach,Oregon
fpl.us,Anthony,Scott,1925,4,Milwaukee,Oregon
fpx.us,Emily,Turner,1900,5,Wichita,Nevada
fpxi.us,Sofia,Moore,1910,5,Miami,Vermont
frak.us,Samuel,Cooper,1918,10,Chicago,Florida
frel.us,Matthew,Green,1913,10,Milwaukee,California
fri.us,Elizabeth,Green,1919,9,Tucson,South Dakota
frn.us,Ava,Anderson,1929,10,Baltimore,Massachusetts
fsd.us,Elijah,Baker,1904,7,Columbus,Colorado
fsta.us,Sofia,Morris,1918,9,Tulsa,Wisconsin
fsz.us,Jackson,Wilson,1924,1,Tampa,New Hampshire
fta.us,Samuel,Young,1918,12,Baltimore,Arkansas
ftc.us,Lily,Jackson,1923,4,Oklahoma City,Michigan
ftcs.us,Daniel,Hall,1907,6,Denver,New Jersey
ftec.us,Matthew,Turner,1923,7,Detroit,South Dakota
ftgc.us,Jacob,Davis,1922,6,Mesa,West Virginia
fthi.us,Andrew,Stewart,1901,10,Houston,Michigan
ftlb.us,Lily,Reynolds,1918,1,Phoenix,Texas
ftls.us,Daniel,Rogers,1928,4,Charlotte,Colorado
ftsd.us,Chloe,Cook,1924,5,Memphis,New Hampshire
ftsl.us,Jacob,Taylor,1910,6,Tucson,Wyoming
ftsm.us,Henry,Morgan,1909,1,Dallas,Oregon
ftw.us,James,Moore,1912,5,Atlanta,North Dakota
fud.us,Avery,Rivera,1924,8,Chicago,Oregon
fue.us,Evelyn,Rivera,1907,12,Milwaukee,Indiana
futy.us,Nathan,Reynolds,1904,6,Milwaukee,New Mexico
fv.us,William,Walker,1916,5,Las Vegas,New York
fvd.us,Elizabeth,Reed,1900,5,Tampa,Nebraska
fvl.us,Isabella,Thomas,1926,3,Fresno,Utah
fwdb.us,Alexander,Green,1902,5,Austin,Indiana
fwdd.us,Daniel,Parker,1920,2,Kansas City,Michigan
fwdi.us,Ella,Lewis,1913,12,Fresno,Missouri
fxa.us,Jackson,Johnson,1923,5,Los Angeles,Vermont
fxb.us,William,Wilson,1921,10,Indianapolis,Texas
fxc.us,Sophia,Turner,1906,5,Mesa,Pennsylvania
fxch.us,Jack,Allen,1924,4,New York,Indiana
fxd.us,Jack,Green,1925,4,Virginia Beach,Kentucky
fxe.us,Sebastian,Young,1906,4,Portland,Massachusetts
fxeu.us,Ethan,Carter,1902,10,Portland,Connecticut
fxf.us,Harper,Baker,1914,9,Fresno,New Mexico
fxg.us,William,Scott,1920,7,San Antonio,Oregon
fxh.us,Elizabeth,Turner,1924,11,Baltimore,South Carolina
fxi.us,Avery,Smith,1915,6,Memphis,Vermont
fxl.us,Sophia,Scott,1929,8,Cleveland,West Virginia
fxn.us,Chloe,King,1903,1,Tampa,Ohio
fxo.us,Christopher,King,1917,9,Boston,Maryland
fxp.us,James,Walker,1918,9,Washington,Missouri
fxr.us,Charlotte,Taylor,1922,9,Boston,Georgia
fxs.us,Amelia,Baker,1924,3,Albuquerque,New Jersey
fxsg.us,Sebastian,Wright,1929,12,Mesa,Minnesota
fxu.us,Victoria,Rivera,1917,11,San Antonio,Pennsylvania
fxy.us,Samuel,Walker,1913,12,Milwaukee,New York
fxz.us,Sophia,Lopez,1904,12,San Diego,Wisconsin
fyc.us,John,Lee,1930,9,Long Beach,New Mexico
fyld.us,Samuel,Rogers,1912,7,Albuquerque,Indiana
fyt.us,Lily,Cook,1930,2,Philadelphia,Delaware
fyx.us,Oliver,Baker,1910,2,Baltimore,Oregon
gaa.us,Sophia,Baker,1918,7,Tampa,Tennessee
gal.us,Ava,Anderson,1918,10,New Orleans,Pennsylvania
gasl.us,Alexander,Taylor,1915,6,Las Vegas,Kentucky
gaz.us,Matthew,Rogers,1913,1,Fort Worth,Texas
gbb.us,Harper,Anderson,1925,3,San Antonio,Nevada
gbf.us,Joseph,Watson,1916,10,Chicago,Nevada
gcc.us,Hannah,Turner,1924,8,Houston,Arizona
gce.us,Emma,Wilson,1929,8,San Antonio,Kansas
gdx.us,Ethan,Parker,1915,12,Nashville,South Carolina
gdxj.us,Henry,Lee,1927,12,Tucson,New Jersey
gdxs.us,Anthony,Lee,1923,4,Fresno,Maine
gdxx.us,Emma,Adams,1914,6,Charlotte,Maryland
geur.us,Jack,Murphy,1915,6,Phoenix,Oklahoma
gex.us,Nathan,Gray,1924,3,Colorado Springs,Iowa
ghii.us,Grace,Carter,1907,11,Oklahoma City,South Carolina
gii.us,Avery,Lopez,1928,10,Wichita,New Jersey
gld.us,Scarlett,Davis,1921,12,New Orleans,Louisiana
gldi.us,David,Johnson,1904,8,Miami,Georgia
gll.us,David,Davis,1922,10,Atlanta,Wisconsin
gltr.us,Avery,Smith,1918,10,Memphis,Alabama
gmf.us,Nathan,Allen,1915,8,Columbus,Tennessee
gmom.us,Jacob,Parker,1914,4,Sacramento,New Mexico
gnma.us,Sophia,Hayes,1923,6,Washington,Kentucky
gnr.us,Zoe,Diaz,1921,6,Oakland,Rhode Island
govt.us,Lily,Stewart,1903,7,Boston,Illinois
gqre.us,Michael,Davis,1914,6,Las Vegas,Oregon
grek.us,Evelyn,Moore,1921,7,San Jose,Illinois
gres.us,Daniel,Reynolds,1923,11,Mesa,Alabama
gri.us,Amelia,Moore,1907,1,Philadelphia,Texas
grid.us,Joseph,Moore,1920,3,San Diego,Connecticut
grn.us,Avery,Adams,1908,10,Los Angeles,Wisconsin
gru.us,Emma,Lopez,1906,9,Miami,Connecticut
grwn.us,Joseph,Lewis,1916,4,Virginia Beach,West Virginia
gsc.us,Joseph,Green,1926,5,Wichita,New Hampshire
gsg.us,Lily,Rivera,1912,10,Minneapolis,Connecticut
gsp.us,Isabella,Baker,1913,4,Colorado Springs,North Carolina
gsy.us,Jack,Stewart,1929,6,Louisville,Kansas
gulf.us,Olivia,Morris,1916,11,Detroit,South Dakota
gunr.us,Scarlett,Moore,1924,3,Raleigh,Idaho
guru.us,Sophia,Scott,1909,5,Charlotte,Maryland
gush.us,Mia,Lopez,1903,11,Portland,Wisconsin
gval.us,Madison,White,1926,8,Virginia Beach,Idaho
gvi.us,Layla,Moore,1907,3,San Jose,Missouri
gwx.us,Matthew,Morgan,1922,1,Phoenix,Iowa
gxc.us,Ethan,Morris,1915,6,San Jose,North Dakota
gxf.us,Charlotte,Reynolds,1909,11,Memphis,Vermont
gxg.us,Isabella,Griffin,1919,2,San Francisco,New York
gyen.us,Ava,Rogers,1927,8,Oakland,Idaho
gyld.us,Evelyn,King,1915,4,San Jose,South Carolina
hao.us,Jacob,Campbell,1920,12,Boston,Wyoming
hap.us,Alexander,Rogers,1907,1,Nashville,Delaware
hdg.us,Evelyn,Young,1909,12,Omaha,California
hdge.us,Olivia,Moore,1903,3,Albuquerque,Colorado
hdv.us,Samuel,Gray,1923,12,Charlotte,Delaware
heco.us,Chloe,Adams,1910,12,Miami,Louisiana
hedj.us,Michael,Scott,1927,6,Cleveland,New York
heem.us,Chloe,Hayes,1919,8,Fort Worth,Colorado
hefa.us,Madison,Adams,1928,11,Seattle,Kansas
hevy.us,Benjamin,White,1910,3,Fresno,Nebraska
hewg.us,Christopher,Reynolds,1907,12,Fort Worth,Missouri
hewj.us,Daniel,Foster,1923,10,Raleigh,Minnesota
hezu.us,Chloe,Jackson,1905,10,Baltimore,North Carolina
hgi.us,Emily,Russell,1912,4,Atlanta,Connecticut
hilo.us,Elijah,Walker,1920,11,Tampa,New Mexico
hold.us,Ava,Baker,1923,8,Minneapolis,South Dakota
hspx.us,Alexander,Reed,1916,10,New Orleans,Montana
huse.us,Samuel,Rivera,1927,9,Milwaukee,Wyoming
hyd.us,David,Reed,1915,9,Washington,South Dakota
hyem.us,Alexander,Allen,1908,8,Detroit,Rhode Island
hyg.us,Chloe,Morgan,1923,11,San Antonio,New Hampshire
hygh.us,Layla,Griffin,1919,10,Indianapolis,West Virginia
hyih.us,Nathan,Brown,1923,11,Charlotte,Georgia
hyld.us,Matthew,Campbell,1922,12,Baltimore,Mississippi
hyls.us,Elijah,Reynolds,1913,2,Austin,North Carolina
hymb.us,Jacob,Campbell,1921,1,Baltimore,Pennsylvania
hynd.us,John,Adams,1913,2,San Antonio,Mississippi
hys.us,Charlotte,Jackson,1910,6,Atlanta,Kentucky
hyzd.us,Emily,Stewart,1912,5,Tulsa,Montana
iai.us,Emily,Hall,1900,10,New York,Iowa
iak.us,Amelia,Morgan,1923,6,Fresno,Vermont
iat.us,Hannah,Campbell,1916,8,Raleigh,Indiana
iau.us,Christopher,Brown,1900,3,Oakland,Tennessee
ibb.us,Anthony,Walker,1907,12,Philadelphia,Alabama
ibcc.us,Daniel,Rivera,1930,1,Portland,Rhode Island
ibcd.us,Henry,Diaz,1929,10,Albuquerque,Massachusetts
ibce.us,Olivia,Lewis,1915,1,Baltimore,Massachusetts
ibdb.us,Lily,Morris,1915,8,Washington,Washington
ibdc.us,Madison,Campbell,1919,3,Portland,Massachusetts
ibdd.us,Harper,Turner,1919,12,Fort Worth,Georgia
ibdh.us,Ella,Reynolds,1921,1,Sacramento,Georgia
ibdj.us,Avery,Adams,1914,11,Fort Worth,Wyoming
ibdk.us,Evelyn,Young,1905,11,San Diego,North Carolina
ibdl.us,Olivia,Wright,1913,11,Atlanta,Oregon
ibdm.us,Gabriel,White,1920,2,San Francisco,Connecticut
ibdn.us,Chloe,Watson,1919,7,Philadelphia,Nebraska
ibdo.us,Joseph,Reynolds,1916,2,Omaha,Wyoming
ibdp.us,Abigail,Campbell,1915,7,Virginia Beach,Colorado
ibdq.us,Elijah,Hayes,1909,4,Tulsa,New Hampshire
ibln.us,Emma,Smith,1920,11,Austin,Kansas
ibmg.us,Michael,Stewart,1914,11,Louisville,Mississippi
ibmh.us,Gabriel,Davis,1919,3,Minneapolis,Michigan
ibmi.us,Scarlett,Johnson,1912,5,Louisville,Montana
ibnd.us,Lily,Harris,1921,5,Tucson,Virginia
icf.us,David,White,1905,4,Minneapolis,Illinois
ici.us,Chloe,Cook,1901,7,Fresno,Vermont
icln.us,Chloe,Rivera,1903,1,New Orleans,North Carolina
icol.us,Benjamin,Rogers,1929,8,Jacksonville,Georgia
idhq.us,Oliver,Thomas,1925,9,Austin,Washington
idlv.us,Emily,Smith,1924,11,Omaha,Oregon
idog.us,Abigail,Cook,1902,3,Fort Worth,Minnesota
idu.us,Ethan,Wright,1900,12,Minneapolis,Wyoming
idv.us,Christopher,Morgan,1925,1,Minneapolis,Virginia
idx.us,Avery,Jackson,1908,1,Portland,Hawaii
ief.us,Charlotte,Campbell,1906,2,Louisville,Vermont
iefa.us,Elijah,Lopez,1920,10,Seattle,Alaska
iei.us,Chloe,Thomas,1912,3,Miami,Hawaii
iemg.us,Mia,Wright,1918,11,Virginia Beach,Arizona
ieo.us,William,Young,1912,3,San Antonio,Alabama
ieur.us,Ella,Murphy,1913,10,Oklahoma City,Connecticut
ieus.us,Matthew,White,1920,3,Detroit,West Virginia
iev.us,James,Anderson,1929,3,Austin,Vermont
iez.us,Andrew,Cook,1916,8,Cleveland,New York
ifeu.us,Amelia,Lopez,1916,9,San Francisco,New Mexico
ifgl.us,Matthew,Carter,1911,11,Kansas City,Mississippi
ifv.us,Daniel,Stewart,1908,12,Las Vegas,North Dakota
ige.us,Alexander,Bennett,1923,3,Fort Worth,Florida
igf.us,Mia,Lee,1912,9,Milwaukee,Georgia
igih.us,Henry,Rivera,1901,4,Memphis,North Carolina
igm.us,Benjamin,Miller,1904,3,Tucson,New York
ign.us,Olivia,Taylor,1924,8,Dallas,Missouri
igov.us,Isabella,Johnson,1927,8,New Orleans,Louisiana
igv.us,Gabriel,Turner,1910,1,San Francisco,Hawaii
ihdg.us,Victoria,Cooper,1909,5,Baltimore,Iowa
ihe.us,Benjamin,Campbell,1929,6,Arlington,Maryland
ihf.us,Evelyn,Carter,1919,8,San Francisco,Montana
ihi.us,Matthew,White,1925,11,Detroit,Minnesota
ihy.us,Anthony,Thomas,1908,1,Fort Worth,Wisconsin
ijh.us,Harper,Taylor,1903,12,Jacksonville,South Dakota
ijj.us,Jack,Thomas,1907,12,Colorado Springs,New Mexico
ijk.us,Daniel,Rogers,1910,3,Albuquerque,Illinois
ijr.us,Ethan,Thomas,1902,4,Wichita,Wyoming
ijs.us,Isabella,Jackson,1925,11,Tampa,New York
ijt.us,Harper,Bryant,1929,4,San Diego,North Carolina
ilf.us,Emma,Thomas,1913,9,Portland,Arizona
iltb.us,Grace,Wilson,1925,5,Tulsa,Rhode Island
imlp.us,Lily,Reed,1910,8,Cleveland,Missouri
imtm.us,Ethan,Watson,1930,10,Phoenix,Idaho
inco.us,Isabella,Hayes,1925,8,Omaha,North Carolina
inda.us,David,Johnson,1918,10,Wichita,Delaware
indl.us,John,Lee,1901,7,Los Angeles,Indiana
indy.us,Ethan,Reed,1908,10,Memphis,Maine
inkm.us,Elizabeth,Young,1914,12,Tulsa,Wyoming
inp.us,Harper,Walker,1926,10,Fresno,Hawaii
inr.us,Avery,Hall,1928,9,Austin,Ohio
intf.us,Jack,Lewis,1922,7,Tulsa,Idaho
inxx.us,Emma,Lewis,1900,9,Mesa,Illinois
ioil.us,Elijah,Scott,1912,10,Long Beach,Massachusetts
ioo.us,Elizabeth,Davis,1912,12,Philadelphia,Minnesota
ipac.us,James,Cooper,1922,7,Seattle,Colorado
ipe.us,Emma,Rivera,1912,11,Austin,Maine
ipff.us,Ella,Lewis,1903,6,Sacramento,New Mexico
ipkw.us,Grace,Watson,1920,10,Tampa,Illinois
ipo.us,Elizabeth,Foster,1900,3,San Francisco,Mississippi
iqde.us,Samuel,Anderson,1923,10,Portland,Minnesota
iqdf.us,John,Morris,1922,11,Long Beach,Wyoming
iqdy.us,Charlotte,Hill,1906,1,Colorado Springs,Rhode Island
iqlt.us,Emma,Miller,1900,10,Tampa,New Mexico
iscf.us,Jackson,Griffin,1930,1,Cleveland,Georgia
ishg.us,Nathan,Lee,1912,9,Tucson,Nevada
isra.us,Avery,Wright,1912,12,Omaha,Colorado
istb.us,Ella,Watson,1904,7,Minneapolis,Connecticut
ita.us,Emma,Cook,1912,5,Phoenix,Florida
itb.us,Evelyn,Turner,1925,6,Detroit,Maryland
ite.us,Lily,Lee,1930,12,Sacramento,Colorado
itm.us,Elijah,Foster,1912,2,Jacksonville,Connecticut
itot.us,Sophia,Bennett,1900,11,Wichita,New York
iusb.us,Hannah,Wilson,1920,5,Omaha,Utah
iusg.us,David,Hill,1916,6,Philadelphia,California
iusv.us,Jackson,Lewis,1919,11,Oakland,Idaho
ive.us,Jacob,Griffin,1917,8,Tulsa,Virginia
ivog.us,Oliver,Rogers,1916,1,Oakland,Pennsylvania
ivoo.us,John,Reynolds,1925,4,Seattle,South Carolina
ivov.us,Harper,Clark,1913,4,Mesa,Wisconsin
ivv.us,Ethan,Reed,1917,4,San Antonio,Connecticut
ivw.us,Jacob,Davis,1907,9,Cleveland,West Virginia
iwb.us,Emma,White,1913,3,San Diego,Minnesota
iwc.us,Elijah,King,1903,11,Phoenix,South Dakota
iwd.us,Madison,Rivera,1901,7,Milwaukee,South Carolina
iwf.us,Anthony,Taylor,1926,3,Fresno,Delaware
iwl.us,Evelyn,Cook,1918,2,Albuquerque,Ohio
iwm.us,Abigail,Davis,1930,11,Washington,Massachusetts
iwn.us,Anthony,Carter,1920,9,Arlington,Ohio
iwo.us,Layla,Hayes,1921,1,Albuquerque,Ohio
iwp.us,Daniel,Green,1903,1,Denver,Montana
iwr.us,Emma,Green,1917,4,Philadelphia,North Carolina
iws.us,Grace,Scott,1902,11,Philadelphia,South Carolina
iwv.us,Ethan,Taylor,1918,12,Virginia Beach,Arkansas
iwx.us,John,Bryant,1924,3,Oklahoma City,Illinois
iwy.us,Victoria,Miller,1903,10,Memphis,North Dakota
ixc.us,Nathan,Diaz,1929,11,Baltimore,Connecticut
ixg.us,Madison,Gray,1907,11,Cleveland,Nevada
ixj.us,Joseph,Bryant,1912,3,Detroit,New York
ixn.us,Jackson,King,1908,4,Raleigh,Arizona
ixp.us,Matthew,Murphy,1904,7,Cleveland,Alabama
ixus.us,James,Gray,1909,8,Tulsa,Colorado
iyc.us,Andrew,Clark,1922,1,Louisville,Maryland
iye.us,Emma,Stewart,1924,2,New York,Indiana
iyf.us,Charlotte,Reed,1900,7,San Jose,Arkansas
iyg.us,Layla,Scott,1916,5,Las Vegas,California
iyh.us,Daniel,Jackson,1905,6,Memphis,Tennessee
iyj.us,Ava,Baker,1923,12,Cleveland,New Mexico
iyk.us,James,Hayes,1910,10,Washington,Alabama
iym.us,William,Bryant,1929,7,Nashville,Idaho
iyr.us,Emma,Russell,1902,10,Arlington,Wisconsin
iyt.us,Christopher,Rogers,1907,9,Baltimore,Wisconsin
iyw.us,Charlotte,Young,1927,8,Tucson,Iowa
iyy.us,Matthew,Cooper,1913,10,Tampa,Idaho
iyz.us,Jacob,Harris,1914,9,Baltimore,Washington
jdst.us,Daniel,Reed,1915,4,Charlotte,Massachusetts
jhdg.us,Michael,Foster,1928,9,Oakland,Mississippi
jja.us,Sofia,Diaz,1904,4,New York,Alaska
jjc.us,Jacob,White,1911,6,Tampa,Idaho
jje.us,Hannah,Parker,1916,5,Raleigh,Kansas
jjg.us,Anthony,Davis,1918,3,Denver,Rhode Island
jjm.us,Nathan,Russell,1927,3,Memphis,Mississippi
jjn.us,Anthony,Rivera,1901,8,Atlanta,New Hampshire
jjp.us,Harper,Bryant,1914,7,Los Angeles,South Carolina
jjs.us,Ella,Carter,1911,7,Portland,Ohio
jjt.us,Henry,Hayes,1917,1,San Jose,Missouri
jju.us,Ella,Lewis,1909,7,Omaha,Oklahoma
jkd.us,James,Wright,1910,6,Omaha,Alaska
jke.us,Benjamin,Lewis,1908,3,Washington,Kentucky
jkf.us,Sofia,Lewis,1910,1,Washington,New Hampshire
jkg.us,Henry,Hayes,1924,6,Colorado Springs,Utah
jkh.us,James,Green,1923,4,Denver,Iowa
jki.us,Amelia,Brown,1902,10,Indianapolis,Minnesota
jkj.us,Oliver,Turner,1929,7,Charlotte,North Dakota
jkk.us,Ella,Brown,1919,10,Omaha,Florida
jkl.us,Madison,Rivera,1920,8,Tampa,New Mexico
jnk.us,Emma,Harris,1927,8,Jacksonville,Maryland
jnug.us,Ava,White,1914,6,Atlanta,Kansas
jo.us,Sebastian,Green,1913,7,Arlington,Illinois
jpge.us,Gabriel,Taylor,1930,6,Oakland,Pennsylvania
jpmv.us,Gabriel,Brown,1929,1,Philadelphia,Utah
jpnl.us,Samuel,Carter,1909,2,Tulsa,North Carolina
jxi.us,Grace,Hayes,1900,5,Phoenix,Alabama
kba.us,Samuel,Walker,1917,4,Baltimore,Colorado
kbe.us,Ethan,Adams,1927,12,Virginia Beach,Colorado
kbwp.us,Emma,Turner,1903,4,Detroit,West Virginia
kbwr.us,James,King,1911,10,Denver,Tennessee
kce.us,Jacob,Turner,1930,10,Milwaukee,Massachusetts
kfyp.us,Hannah,Harris,1915,6,Phoenix,Maine
kie.us,Sebastian,Foster,1909,6,Indianapolis,New Mexico
know.us,Gabriel,Watson,1923,10,Charlotte,Hawaii
kol.us,Charlotte,White,1903,9,New Orleans,Oregon
kold.us,Benjamin,Johnson,1924,1,Milwaukee,North Dakota
koru.us,Zoe,Reed,1909,9,Los Angeles,Montana
kre.us,Sophia,King,1916,4,Portland,Ohio
kroo.us,Charlotte,Diaz,1911,4,Wichita,South Carolina
kxi.us,Ella,Gray,1913,4,Arlington,Mississippi
labd.us,Ella,Harris,1928,5,Cleveland,Arkansas
labu.us,Ethan,Clark,1905,4,Phoenix,South Carolina
lalt.us,Ethan,White,1910,6,Indianapolis,South Dakota
lbj.us,Alexander,Baker,1915,12,Albuquerque,Arizona
ldri.us,Daniel,Wilson,1930,2,Atlanta,Hawaii
ldur.us,Christopher,Parker,1923,3,San Jose,West Virginia
lemb.us,Joseph,Baker,1907,9,Fresno,Kentucky
lglv.us,Jack,Foster,1904,6,Colorado Springs,Tennessee
lit.us,John,Diaz,1917,9,Dallas,Ohio
llsc.us,Amelia,Carter,1930,12,Tampa,Hawaii
llsp.us,William,Reynolds,1906,2,Milwaukee,Washington
lmbs.us,Elizabeth,Morgan,1909,5,Fort Worth,Missouri
lmlp.us,Victoria,Watson,1920,9,Detroit,Louisiana
lowc.us,Madison,Miller,1918,8,Oklahoma City,Arizona
lqd.us,Jacob,Brown,1900,6,Detroit,Tennessee
lqdh.us,Daniel,Jackson,1922,9,Cleveland,Ohio
lrgf.us,Avery,Hayes,1925,7,Charlotte,North Carolina
lstk.us,Grace,Foster,1918,6,Oklahoma City,North Dakota
ltl.us,Christopher,Scott,1900,6,Jacksonville,Indiana
ltpz.us,Christopher,Taylor,1925,6,Baltimore,Alaska
lvl.us,Henry,Taylor,1902,11,Columbus,Pennsylvania
math.us,Jack,Wright,1908,11,Tucson,Connecticut
mbb.us,Grace,Hill,1917,9,Colorado Springs,Wyoming
mbg.us,Samuel,Gray,1916,7,Sacramento,North Carolina
mbsd.us,Hannah,Miller,1908,3,Minneapolis,Montana
mchi.us,James,Murphy,1909,7,Philadelphia,Oklahoma
mcro.us,John,Davis,1910,3,Tucson,Indiana
mdiv.us,David,Moore,1915,2,New Orleans,Oregon
mdy.us,Matthew,Morgan,1918,5,Austin,South Dakota
mdyg.us,Jackson,Harris,1914,10,Omaha,Massachusetts
mdyv.us,Elizabeth,Lee,1928,7,Denver,South Carolina
mfd.us,David,Moore,1923,2,Phoenix,Maine
mgc.us,Gabriel,Wilson,1924,10,Detroit,New Jersey
mgk.us,Andrew,Parker,1920,1,Tulsa,Florida
mgv.us,Ava,Rivera,1912,5,Detroit,Arkansas
midu.us,Ethan,Reynolds,1906,12,Phoenix,Vermont
midz.us,Ella,Wilson,1907,7,Milwaukee,South Carolina
minc.us,Avery,Hayes,1900,2,Austin,Connecticut
mint.us,Sofia,Wright,1912,10,Raleigh,Delaware
mln.us,Sebastian,Moore,1917,5,Seattle,Connecticut
mlpa.us,Chloe,Wilson,1916,2,Louisville,North Dakota
mlpc.us,Oliver,Harris,1908,1,Fresno,Kentucky
mlpg.us,Jackson,Rogers,1920,10,Boston,Nevada
mlpi.us,Isabella,Russell,1912,7,Fort Worth,Alabama
mlps.us,Andrew,Bryant,1923,5,San Jose,New Mexico
mlpx.us,Harper,Green,1905,9,Cleveland,New Mexico
mlpy.us,Daniel,Rivera,1928,3,San Antonio,Indiana
mmtm.us,Daniel,Clark,1921,12,Denver,New Hampshire
mna.us,Olivia,Moore,1923,3,Memphis,Florida
moat.us,Mia,Walker,1905,4,Cleveland,Washington
mom.us,Zoe,Carter,1926,1,Louisville,Oklahoma
moo.us,Michael,Stewart,1922,7,Columbus,Montana
morl.us,Avery,Green,1918,4,Phoenix,Tennessee
mort.us,Jackson,Morgan,1926,2,Portland,South Carolina
mrgr.us,Sofia,Stewart,1924,9,Tampa,Louisiana
mtum.us,Chloe,Walker,1909,5,Las Vegas,Washington
mub.us,John,Russell,1908,1,Charlotte,Maine
muni.us,Samuel,Green,1911,12,San Antonio,North Dakota
mvv.us,John,Morris,1925,5,New Orleans,Arkansas
mxi.us,James,Clark,1904,9,Atlanta,New Mexico
myy.us,Olivia,Cook,1914,5,San Francisco,Pennsylvania
mzz.us,Lily,Morris,1917,10,Kansas City,Georgia
nash.us,Jackson,Bennett,1924,11,Oakland,Rhode Island
near.us,Olivia,Anderson,1909,8,Baltimore,Arizona
nfo.us,Matthew,Brown,1905,11,Las Vegas,Wisconsin
nfra.us,Evelyn,Brown,1922,1,Sacramento,Indiana
nge.us,Grace,Lee,1907,10,Boston,Connecticut
nib.us,Sophia,Reed,1904,9,New Orleans,Pennsylvania
nini.us,Lily,Clark,1909,8,Cleveland,Maryland
nlr.us,Hannah,Reed,1915,9,Austin,Virginia
nobl.us,Elizabeth,Allen,1916,3,Raleigh,Nebraska
norw.us,James,Murphy,1922,8,New Orleans,Nevada
nugt.us,Mia,Lee,1904,4,Austin,Virginia
nyf.us,Gabriel,Clark,1914,3,San Francisco,Vermont
oef.us,Anthony,Moore,1930,4,Albuquerque,Maine
oih.us,Scarlett,King,1911,7,Long Beach,Montana
oil.us,Jack,Smith,1927,5,Indianapolis,Florida
olem.us,Sofia,Thomas,1903,1,San Francisco,Utah
olo.us,James,Johnson,1905,1,Tucson,Alabama
oneq.us,James,Johnson,1911,12,San Francisco,Mississippi
ounz.us,Ava,Hill,1924,8,Memphis,Kentucky
paf.us,Mia,Allen,1922,12,Wichita,South Carolina
pagg.us,Olivia,Cook,1921,1,Louisville,West Virginia
pak.us,David,Griffin,1906,7,Tucson,North Dakota
pall.us,David,Wright,1913,2,Nashville,Massachusetts
pbd.us,Andrew,White,1901,9,Tampa,Alaska
pbe.us,Anthony,Hill,1907,7,Portland,Hawaii
pbj.us,Emma,Turner,1915,8,Las Vegas,Oklahoma
pbp.us,James,Young,1921,1,Atlanta,North Dakota
pbs.us,Zoe,Young,1910,10,Fort Worth,Kentucky
pbw.us,Nathan,Miller,1917,1,Tucson,North Dakota
pcef.us,Ava,Hall,1922,3,Wichita,Maryland
pcy.us,Jacob,Cook,1908,10,San Diego,Oregon
pdbc.us,Layla,Johnson,1917,10,Seattle,Kansas
pdn.us,Madison,Watson,1902,12,Virginia Beach,Massachusetts
pej.us,Matthew,Johnson,1908,3,Boston,Washington
pek.us,Isabella,Turner,1918,2,Houston,Nebraska
pex.us,Gabriel,Harris,1908,5,Memphis,North Carolina
pey.us,Mia,Baker,1904,10,Long Beach,Georgia
pez.us,Daniel,Gray,1909,2,Arlington,Vermont
pff.us,Madison,Green,1902,9,Austin,Idaho
pfig.us,Emma,Jackson,1912,11,Boston,Mississippi
pfm.us,Amelia,Lopez,1914,10,Fort Worth,Kentucky
pfxf.us,Ava,Morgan,1911,12,Louisville,Kentucky
pgal.us,Christopher,Taylor,1916,9,San Antonio,Nebraska
pgf.us,Harper,Gray,1924,6,Boston,North Dakota
pghy.us,Sebastian,Murphy,1914,2,Boston,California
pgj.us,Isabella,Morgan,1924,6,Dallas,North Dakota
pgm.us,Olivia,Harris,1922,10,Fort Worth,Oklahoma
pgx.us,Zoe,Cooper,1903,6,Detroit,New Jersey
phb.us,Ava,Young,1905,3,Philadelphia,Iowa
phdg.us,John,Reed,1904,5,Phoenix,Michigan
picb.us,Samuel,Russell,1929,9,Denver,Kansas
pick.us,Lily,Lee,1908,6,Long Beach,Michigan
pie.us,Chloe,Stewart,1913,9,Mesa,Indiana
pin.us,Jack,Walker,1903,2,Milwaukee,Washington
pio.us,Charlotte,Watson,1900,10,San Antonio,Massachusetts
pjp.us,Grace,Thomas,1909,1,Nashville,Arizona
pkb.us,Sophia,Foster,1923,1,Virginia Beach,New Mexico
plnd.us,Jack,Wilson,1913,6,Minneapolis,Wyoming
pmr.us,Nathan,Hayes,1914,6,Columbus,Delaware
pnqi.us,William,Rivera,1915,5,Chicago,Oklahoma
ppa.us,Emma,Reed,1915,8,Omaha,California
pph.us,Anthony,Hall,1925,5,Memphis,Kentucky
pplt.us,Hannah,Watson,1916,4,Sacramento,Maine
prb.us,Nathan,Wright,1925,12,Seattle,Missouri
prf.us,Henry,Moore,1927,1,Washington,North Dakota
prfz.us,Michael,Watson,1928,8,Memphis,Washington
psau.us,Harper,Morgan,1902,8,Tampa,Texas
pscc.us,James,Bennett,1926,2,Miami,West Virginia
pscd.us,Chloe,Brown,1923,1,Indianapolis,New Jersey
psce.us,Ella,Walker,1914,1,Washington,South Carolina
pscf.us,Olivia,Anderson,1921,3,Milwaukee,Maryland
psch.us,Victoria,Watson,1926,6,Boston,Georgia
psci.us,Harper,Foster,1924,8,Charlotte,Louisiana
pscm.us,Elijah,Baker,1930,1,Louisville,Kansas
psct.us,Grace,Wright,1922,5,Denver,South Carolina
pscu.us,Jackson,Reed,1916,1,Seattle,Oregon
psi.us,John,Wilson,1919,7,Houston,Wyoming
psj.us,Zoe,Wright,1906,9,Indianapolis,Utah
psk.us,Victoria,Hill,1924,11,Austin,Washington
psp.us,Abigail,Taylor,1922,10,Miami,Washington
psq.us,Ella,Scott,1915,10,Virginia Beach,Delaware
psr.us,Madison,Griffin,1923,12,Chicago,Iowa
pst.us,Oliver,Harris,1912,11,Minneapolis,Oregon
ptm.us,Emma,Walker,1900,1,Fort Worth,New Mexico
puw.us,Jack,Carter,1904,9,Colorado Springs,Tennessee
pvi.us,Harper,Wright,1915,4,San Jose,New Jersey
pwb.us,Ella,Morris,1924,11,Houston,North Carolina
pwc.us,Ella,Russell,1923,10,Kansas City,Louisiana
pwv.us,Benjamin,King,1919,3,San Jose,Alaska
pwz.us,Amelia,Parker,1906,4,Jacksonville,Louisiana
pxe.us,Avery,Foster,1908,5,Chicago,Pennsylvania
pxf.us,Ella,Gray,1913,3,Mesa,Idaho
pxh.us,Ella,Hill,1918,6,Milwaukee,Indiana
pxj.us,Olivia,Turner,1921,12,Portland,Delaware
pxlg.us,Evelyn,Parker,1928,3,Jacksonville,Missouri
pxlv.us,Alexander,Rogers,1917,12,Jacksonville,North Dakota
pxmg.us,Jack,Wright,1927,3,New York,West Virginia
pxmv.us,Layla,Turner,1930,7,Fresno,Connecticut
pxq.us,Chloe,Morgan,1917,11,Long Beach,West Virginia
pxr.us,Elizabeth,Davis,1912,5,Kansas City,New York
pxsg.us,Grace,Turner,1908,5,Charlotte,Maine
pxsv.us,Christopher,Clark,1916,7,Fort Worth,Florida
pza.us,Alexander,Morris,1919,10,Columbus,Delaware
pzd.us,Emily,Parker,1900,4,Virginia Beach,New Hampshire
pzi.us,William,Bryant,1903,11,Kansas City,Wyoming
pzt.us,Victoria,Foster,1928,10,Portland,New Hampshire
qaba.us,Sofia,Young,1907,12,Indianapolis,Florida
qai.us,Michael,Carter,1925,2,Seattle,Alabama
qat.us,Elijah,Bryant,1911,9,Raleigh,Texas
qcan.us,Jacob,White,1912,5,Miami,Hawaii
qcln.us,Charlotte,Anderson,1910,12,New York,Virginia
qdef.us,Daniel,Reynolds,1922,12,San Jose,New Hampshire
qdeu.us,Layla,Thomas,1913,8,Dallas,New York
qdf.us,Henry,Rivera,1906,4,San Jose,Arizona
qdyn.us,Daniel,Parker,1921,8,San Francisco,Missouri
qed.us,Sebastian,Johnson,1919,3,Atlanta,Maine
qefa.us,Benjamin,Moore,1925,4,Indianapolis,Massachusetts
qemm.us,Layla,Bryant,1930,1,Oakland,Nebraska
qgbr.us,Evelyn,Green,1901,7,New York,Alaska
qid.us,David,Hayes,1903,7,Oklahoma City,Nevada
qinc.us,Sophia,Rivera,1925,5,Mesa,New Hampshire
qjpn.us,Emily,Hall,1924,6,Miami,Tennessee
qld.us,Henry,Davis,1914,5,Milwaukee,Kentucky
qls.us,Samuel,Brown,1907,1,Seattle,Alabama
qlta.us,Sebastian,Taylor,1901,8,Oklahoma City,Virginia
qmn.us,Zoe,Lewis,1921,12,Miami,Virginia
qqew.us,John,Thomas,1907,2,Kansas City,Connecticut
qqq.us,Abigail,Jackson,1902,8,Portland,Wyoming
qqqc.us,Zoe,Diaz,1923,12,Tampa,Arizona
qqqe.us,Lily,Davis,1927,5,New York,New York
qqxt.us,Matthew,Turner,1927,6,Colorado Springs,Nebraska
qtec.us,Layla,Morgan,1909,1,Kansas City,Maryland
qual.us,Zoe,Stewart,1930,1,Jacksonville,Mississippi
qus.us,Sophia,Bennett,1929,5,Albuquerque,Maine
qwld.us,Olivia,Russell,1900,1,Dallas,California
qyld.us,Alexander,Baker,1903,7,Miami,Mississippi
rals.us,Henry,Brown,1905,7,Washington,Oklahoma
ravi.us,Zoe,Taylor,1903,8,Indianapolis,Kentucky
rcd.us,Chloe,Baker,1913,10,Indianapolis,Massachusetts
rdiv.us,Joseph,Turner,1907,1,Arlington,Vermont
rdvy.us,Hannah,Jackson,1908,8,Albuquerque,New Hampshire
reet.us,Andrew,Baker,1929,12,Washington,Arkansas
regl.us,James,Lee,1920,4,Jacksonville,Massachusetts
rek.us,Sophia,Wright,1907,2,Seattle,Ohio
rem.us,Harper,Murphy,1921,6,Phoenix,Oklahoma
remx.us,Alexander,Lee,1918,5,Milwaukee,Oregon
retl.us,Layla,Hall,1921,10,Virginia Beach,Indiana
rew.us,William,Smith,1929,9,San Antonio,Georgia
rez.us,Abigail,Wilson,1915,11,Philadelphia,Rhode Island
rfg.us,Hannah,Wilson,1911,11,Baltimore,Oregon
rfv.us,Sebastian,King,1911,10,Denver,Maine
rgi.us,Benjamin,Harris,1919,6,Wichita,Washington
rhs.us,Layla,Smith,1912,12,Chicago,California
rigs.us,Michael,Foster,1920,3,San Jose,Connecticut
rinf.us,Madison,Wright,1916,4,Oklahoma City,Washington
ring.us,Michael,Rivera,1925,6,Denver,Oklahoma
rja.us,Henry,Lopez,1919,4,Tucson,Virginia
rji.us,David,Stewart,1918,9,Philadelphia,Alaska
rjn.us,Andrew,Carter,1912,2,San Antonio,North Dakota
rjz.us,Daniel,Green,1900,5,Jacksonville,Washington
rly.us,Ava,Cooper,1901,2,Wichita,Iowa
robo.us,Harper,Stewart,1916,6,Mesa,Connecticut
rola.us,Amelia,Walker,1928,2,Omaha,New Mexico
rom.us,Elizabeth,Cook,1930,9,Detroit,Idaho
roof.us,Ella,Reynolds,1915,11,Portland,Massachusetts
rpg.us,Victoria,Stewart,1923,5,New Orleans,New York
rpv.us,Ethan,Davis,1922,6,San Antonio,Colorado
rsp.us,Michael,Cooper,1918,3,Chicago,Alabama
rsx.us,Andrew,Hayes,1913,4,Arlington,Idaho
rsxj.us,Jack,Smith,1916,10,San Antonio,Tennessee
rth.us,William,Brown,1924,6,Columbus,Oklahoma
rtm.us,Olivia,Campbell,1930,8,San Jose,Alabama
rusl.us,Matthew,Lopez,1928,12,Phoenix,Iowa
russ.us,Daniel,Rivera,1919,1,Wichita,North Carolina
rvnu.us,James,Taylor,1915,6,Long Beach,California
rwj.us,Madison,Diaz,1928,1,Sacramento,Georgia
rwk.us,Christopher,King,1920,10,San Antonio,Wisconsin
rwl.us,Avery,Jackson,1924,9,Baltimore,Mississippi
rwm.us,Sophia,Thomas,1914,10,Tulsa,Vermont
rwo.us,Avery,Bennett,1927,1,Atlanta,North Carolina
rwr.us,Jackson,Hill,1907,10,Portland,Delaware
rww.us,Henry,Carter,1919,4,Albuquerque,Florida
rwx.us,Daniel,Gray,1917,4,Las Vegas,Utah
rxd.us,Chloe,Stewart,1907,3,Sacramento,Montana
rxi.us,Elizabeth,Thomas,1902,10,Columbus,Minnesota
rxl.us,Alexander,Lewis,1913,11,Louisville,Idaho
rye.us,Emma,Cooper,1910,8,Austin,New York
ryf.us,Chloe,Foster,1900,12,San Diego,Florida
ryh.us,Ava,Adams,1916,9,Houston,Kentucky
ryj.us,William,Scott,1907,9,Mesa,New Mexico
ryt.us,Christopher,Brown,1909,8,Phoenix,Nebraska
ryu.us,Isabella,Thomas,1925,9,Las Vegas,Utah
rzg.us,David,Wright,1917,5,Las Vegas,Michigan
rzv.us,Jack,Cooper,1902,8,Indianapolis,Florida
saa.us,Layla,Hill,1913,3,Boston,Wyoming
sagg.us,Alexander,Allen,1907,3,Columbus,Iowa
sbb.us,Elijah,Russell,1905,5,San Jose,South Dakota
sbio.us,Abigail,Bennett,1921,1,Washington,Mississippi
sbm.us,Anthony,Rogers,1913,7,Sacramento,Georgia
scc.us,Evelyn,Lewis,1927,10,Omaha,Minnesota
scha.us,Ella,Griffin,1908,1,Atlanta,Idaho
schb.us,Ava,Wright,1925,10,Phoenix,Alaska
schc.us,Benjamin,Stewart,1907,9,Long Beach,Connecticut
schd.us,Joseph,Thomas,1922,4,Atlanta,Nevada
sche.us,Sophia,Brown,1910,10,Jacksonville,Connecticut
schf.us,David,Walker,1921,11,Mesa,Texas
schg.us,Harper,Morgan,1903,4,New Orleans,Texas
schh.us,Ethan,Brown,1912,4,Arlington,Delaware
schm.us,Evelyn,Morris,1930,12,San Antonio,Rhode Island
scho.us,Ella,Davis,1929,12,Virginia Beach,Indiana
schp.us,Chloe,Cooper,1914,11,Los Angeles,North Carolina
schr.us,Ava,Adams,1909,7,Philadelphia,Minnesota
schv.us,William,Green,1903,8,Fort Worth,Kentucky
schx.us,Madison,Johnson,1913,10,Long Beach,New Mexico
schz.us,Ava,Reed,1930,5,Columbus,California
scid.us,William,Davis,1924,3,Chicago,Oregon
scif.us,Mia,Cooper,1909,5,San Antonio,Michigan
scij.us,Daniel,Morgan,1928,3,Chicago,Kansas
scin.us,Daniel,Morgan,1920,4,Los Angeles,Maine
sciu.us,Emma,Hill,1909,12,Sacramento,Oklahoma
scix.us,Lily,Moore,1911,8,New Orleans,Nevada
scj.us,Ella,Walker,1906,6,Phoenix,South Carolina
sco.us,Matthew,Diaz,1922,8,Phoenix,Wisconsin
scto.us,Alexander,King,1900,11,Boston,Colorado
scz.us,David,Green,1924,7,Indianapolis,Iowa
sdd.us,Daniel,Anderson,1906,2,Dallas,Vermont
sdem.us,Olivia,Brown,1908,2,Seattle,Alabama
sdiv.us,Daniel,Reynolds,1904,12,Baltimore,Hawaii
sdog.us,Zoe,Rogers,1908,9,San Antonio,Wyoming
sdow.us,Joseph,Campbell,1930,3,Raleigh,Mississippi
sdp.us,Samuel,Turner,1911,8,Memphis,Illinois
sds.us,Gabriel,Campbell,1910,5,Columbus,Oklahoma
sdy.us,James,Morris,1908,6,Tampa,Maryland
sdyl.us,Evelyn,Baker,1924,4,Chicago,Rhode Island
sea.us,Benjamin,Cooper,1908,11,Memphis,West Virginia
sef.us,Anthony,Hill,1912,7,San Francisco,Massachusetts
sgar.us,Olivia,Brown,1924,8,Arlington,Massachusetts
sgdj.us,Chloe,Young,1908,8,Oklahoma City,South Dakota
sgdm.us,Jack,Russell,1927,8,Raleigh,Alaska
sgg.us,Elizabeth,Bennett,1908,10,Oklahoma City,Idaho
sgol.us,Chloe,Foster,1905,9,Tucson,Utah
sh.us,David,Harris,1918,8,New Orleans,Iowa
shm.us,Jackson,Reynolds,1903,6,Omaha,Vermont
shv.us,Zoe,Johnson,1910,9,Raleigh,Maryland
shy.us,Anthony,Diaz,1930,9,Indianapolis,Maryland
shyd.us,Elijah,Johnson,1902,8,Portland,New York
shyg.us,Victoria,Cook,1927,2,Tulsa,Indiana
sij.us,Lily,White,1925,7,Jacksonville,Hawaii
sil.us,Daniel,King,1901,12,Columbus,South Carolina
silj.us,Scarlett,Stewart,1924,9,Washington,Colorado
sivr.us,Nathan,Morris,1917,6,Tucson,Arizona
siz.us,Daniel,Moore,1909,2,San Antonio,Alabama
size.us,James,King,1920,8,Phoenix,Florida
sjb.us,Ella,King,1911,12,New Orleans,Florida
sjnk.us,Elijah,Harris,1925,5,Detroit,New Hampshire
skf.us,Lily,Parker,1923,5,Long Beach,Texas
skor.us,James,Hill,1921,6,Tucson,Illinois
skyy.us,David,Moore,1906,5,Dallas,Washington
slqd.us,Abigail,Turner,1923,10,Omaha,Virginia
slv.us,Sofia,White,1921,6,Indianapolis,Nevada
slvo.us,Nathan,Hayes,1930,8,New York,Oklahoma
slvp.us,Grace,Adams,1907,1,Denver,West Virginia
slx.us,Sophia,Hill,1905,1,Memphis,Colorado
sly.us,Jack,Taylor,1920,12,Dallas,Kansas
slyg.us,Evelyn,Bryant,1912,9,Tulsa,Alaska
slyv.us,Lily,Watson,1925,10,Houston,Massachusetts
smb.us,Isabella,King,1920,11,Albuquerque,Alaska
smdd.us,Matthew,Diaz,1917,7,New Orleans,California
smdv.us,Ella,Turner,1929,6,Long Beach,Louisiana
smez.us,Hannah,Jackson,1919,9,Las Vegas,Idaho
smh.us,Olivia,Anderson,1901,8,Colorado Springs,Oklahoma
smlf.us,Ethan,Harris,1907,5,Kansas City,Illinois
smll.us,Daniel,Cook,1918,3,Albuquerque,Texas
smlv.us,Evelyn,Walker,1913,10,Phoenix,New Jersey
smmu.us,Emma,Griffin,1907,7,Baltimore,Texas
smn.us,Jacob,Lopez,1908,4,Miami,South Dakota
snln.us,David,Reynolds,1925,8,Tucson,Nebraska
socl.us,Nathan,Gray,1913,3,Wichita,West Virginia
soil.us,Amelia,Smith,1924,5,Mesa,Tennessee
soxl.us,Michael,Thomas,1920,10,Omaha,Illinois
soxs.us,Lily,Murphy,1924,5,Houston,Alabama
soxx.us,Samuel,Clark,1902,7,Detroit,Mississippi
soyb.us,Scarlett,King,1912,9,Arlington,Colorado
spff.us,Isabella,Scott,1915,7,Atlanta,South Carolina
sphb.us,Zoe,Wright,1926,5,Indianapolis,Delaware
sphd.us,Chloe,Murphy,1915,9,Indianapolis,Arizona
sphq.us,Henry,Lopez,1921,4,Tucson,Rhode Island
splv.us,Benjamin,Davis,1920,3,Detroit,Montana
splx.us,Evelyn,Clark,1913,9,Oakland,Minnesota
spuu.us,Sebastian,Cooper,1906,8,Detroit,Oregon
spxh.us,Oliver,Bryant,1925,11,New Orleans,Michigan
spxl.us,Emma,Rogers,1920,12,Tampa,New York
spxs.us,Olivia,Bryant,1913,1,Omaha,Ohio
spxu.us,Ethan,King,1912,3,Las Vegas,Nebraska
spy.us,David,Hall,1914,3,Washington,Alaska
spyb.us,Avery,Foster,1905,3,Virginia Beach,Wisconsin
spyg.us,Zoe,Green,1919,6,Wichita,South Dakota
spyv.us,Ethan,Griffin,1923,9,Mesa,Alaska
sqqq.us,Chloe,Russell,1908,11,San Francisco,Florida
sret.us,Sebastian,Thomas,1906,7,Las Vegas,Maryland
srln.us,Christopher,Lee,1923,10,Jacksonville,Rhode Island
srs.us,Victoria,Watson,1927,5,Tampa,Vermont
srty.us,David,Rivera,1926,10,Portland,Illinois
ssg.us,David,Bryant,1912,9,Columbus,Arizona
sso.us,John,Young,1923,9,San Francisco,Utah
stip.us,Ethan,Gray,1928,9,Portland,Virginia
stpz.us,Victoria,Bryant,1902,12,San Antonio,New Mexico
sub.us,Nathan,Thomas,1920,6,San Jose,Montana
svxy.us,Charlotte,Rogers,1908,10,Seattle,Delaware
sye.us,Zoe,Johnson,1924,3,San Diego,Maryland
syg.us,James,Carter,1926,9,Fort Worth,New Mexico
syld.us,Amelia,Lee,1912,4,Detroit,Oregon
syv.us,Ava,Davis,1911,6,Indianapolis,Iowa
szk.us,Sofia,White,1910,3,Milwaukee,Mississippi
tags.us,Michael,Wilson,1901,9,Mesa,Connecticut
tan.us,Elizabeth,Lee,1920,11,Wichita,Colorado
tao.us,Evelyn,Cooper,1930,9,Long Beach,Vermont
tbf.us,Henry,Wright,1910,10,Louisville,Illinois
tbt.us,Ethan,Watson,1929,7,San Diego,Delaware
tbx.us,William,Foster,1908,1,Detroit,Washington
tdiv.us,Evelyn,Morgan,1924,10,Philadelphia,Kansas
tdtf.us,Michael,Baker,1925,10,Los Angeles,Indiana
tdtt.us,Abigail,Cook,1908,9,Oakland,Rhode Island
tecl.us,Elijah,King,1916,11,Colorado Springs,Wisconsin
tecs.us,Andrew,Clark,1927,3,Columbus,Delaware
tfi.us,Andrew,Taylor,1927,3,Houston,Nevada
tflo.us,Andrew,Stewart,1900,2,Memphis,North Carolina
thd.us,Evelyn,Bennett,1906,7,Kansas City,Arkansas
tilt.us,Christopher,Rogers,1907,4,Tampa,Texas
tip.us,Isabella,Brown,1922,1,Milwaukee,Oregon
tipx.us,Samuel,Young,1922,6,San Francisco,Indiana
tipz.us,Amelia,Diaz,1911,7,Austin,Colorado
tlh.us,Hannah,Parker,1912,3,Portland,Ohio
tlt.us,Joseph,Gray,1918,8,Austin,New Mexico
tltd.us,Sofia,Diaz,1912,1,Wichita,South Carolina
tlte.us,Sofia,Turner,1917,8,San Jose,Texas
tmf.us,Sofia,Moore,1902,10,Fresno,North Dakota
tmv.us,Michael,Miller,1912,9,Seattle,Illinois
tna.us,Alexander,Morris,1906,12,San Antonio,Pennsylvania
tok.us,Isabella,Baker,1930,5,Cleveland,Nebraska
tolz.us,Scarlett,Hill,1912,1,Philadelphia,South Carolina
totl.us,Isabella,Miller,1904,4,Phoenix,California
tqqq.us,Sofia,Bryant,1925,6,Minneapolis,Connecticut
trsk.us,Gabriel,Bennett,1923,11,New Orleans,Utah
ttfs.us,Daniel,Parker,1924,1,Dallas,Alaska
ttt.us,Nathan,Diaz,1920,2,Los Angeles,Missouri
tur.us,Jacob,Hall,1909,2,San Jose,New Hampshire
tusa.us,Chloe,Morris,1912,9,Cleveland,Hawaii
tuz.us,Lily,Thomas,1905,10,Phoenix,North Dakota
tvix.us,Daniel,Rivera,1917,3,Miami,Mississippi
tviz.us,Ava,Moore,1925,9,Long Beach,Kansas
twm.us,William,Taylor,1908,12,Tulsa,Idaho
tybs.us,Ethan,Hill,1909,12,Las Vegas,West Virginia
tyd.us,Joseph,Taylor,1909,3,Boston,Mississippi
tyns.us,Abigail,Rivera,1919,5,Milwaukee,West Virginia
tyo.us,Anthony,Watson,1914,7,Chicago,Rhode Island
tza.us,Layla,Lopez,1918,11,Detroit,Alabama
uae.us,Emma,Wright,1921,8,Detroit,Texas
uag.us,Emma,Murphy,1914,2,Seattle,Mississippi
ubc.us,Grace,Lee,1911,9,Indianapolis,New Mexico
ubg.us,Isabella,Lee,1912,2,Columbus,New Jersey
ubm.us,Avery,Johnson,1917,7,Columbus,Alaska
ubn.us,William,Hayes,1923,7,Charlotte,Ohio
ubr.us,Jackson,Miller,1910,1,Washington,Nebraska
ubt.us,Christopher,Lee,1901,5,Chicago,Utah
ucc.us,Abigail,Reynolds,1903,1,New Orleans,Nebraska
uci.us,Daniel,Thomas,1901,10,Atlanta,New Mexico
uco.us,William,Cook,1908,4,Detroit,North Carolina
udn.us,Daniel,Moore,1901,9,Denver,North Carolina
udow.us,Daniel,Walker,1912,7,Jacksonville,Washington
uga.us,Madison,Lopez,1906,12,Omaha,Wyoming
ugaz.us,Chloe,Morris,1926,6,Tampa,Mississippi
uge.us,Sofia,Green,1904,3,Wichita,Iowa
ugl.us,Ella,Gray,1912,10,Detroit,Kentucky
ugld.us,Amelia,Jackson,1917,12,Oklahoma City,Connecticut
uhn.us,Isabella,Bryant,1922,8,Miami,New Mexico
ujb.us,Amelia,Russell,1924,7,Denver,Louisiana
ule.us,David,Turner,1914,6,Raleigh,New Jersey
ulst.us,Abigail,Clark,1918,8,Colorado Springs,Oregon
umdd.us,Jack,Cooper,1924,6,Columbus,Nevada
ung.us,Benjamin,Griffin,1919,12,Boston,Maine
unl.us,Daniel,Cooper,1923,4,Louisville,Arizona
upro.us,Alexander,Cook,1910,1,Oakland,Vermont
upv.us,Hannah,Bennett,1917,4,Denver,Connecticut
upw.us,Gabriel,Smith,1926,3,Austin,Rhode Island
ura.us,Evelyn,Harris,1902,1,Columbus,Alaska
ure.us,Hannah,Rogers,1918,7,Minneapolis,California
urr.us,Christopher,Parker,1910,4,Charlotte,Nevada
urth.us,Chloe,Wright,1923,12,Raleigh,Kentucky
urty.us,Christopher,Miller,1909,12,Miami,West Virginia
usag.us,Evelyn,Adams,1915,5,Portland,Indiana
usci.us,Victoria,Bennett,1920,11,Louisville,Wisconsin
usd.us,Layla,Anderson,1921,6,Columbus,South Dakota
usdu.us,James,Lewis,1909,7,Kansas City,South Carolina
usfr.us,Mia,Adams,1922,6,Philadelphia,New Mexico
usl.us,Harper,Smith,1903,9,Wichita,Vermont
uslv.us,Sebastian,Lewis,1914,7,Tampa,Florida
usmv.us,Jack,Wilson,1924,12,Atlanta,South Dakota
uso.us,Zoe,Davis,1928,5,Cleveland,Maryland
ust.us,Michael,Reed,1901,12,Nashville,Delaware
usv.us,Joseph,Hall,1900,4,Albuquerque,Virginia
uup.us,Ethan,Russell,1902,4,Sacramento,New Hampshire
uvxy.us,Grace,Walker,1903,12,Sacramento,Alabama
uwm.us,Jackson,Allen,1925,10,Kansas City,California
uxi.us,Daniel,Hill,1923,9,San Antonio,Arkansas
uyg.us,Jacob,Reed,1901,3,Denver,New Jersey
uym.us,Matthew,Miller,1922,9,Los Angeles,Connecticut
vaw.us,Joseph,Stewart,1921,11,Minneapolis,Wisconsin
vb.us,Abigail,Young,1921,4,Atlanta,Illinois
vbk.us,Jack,Hall,1912,5,New York,New Jersey
vbr.us,Emily,Baker,1908,7,San Jose,Arizona
vcit.us,Ava,Thomas,1901,9,San Jose,New Hampshire
vclt.us,Scarlett,Rogers,1905,5,Washington,Illinois
vcr.us,Elijah,Turner,1913,8,Tampa,Montana
vcsh.us,Jack,Rivera,1905,5,Wichita,Colorado
vdc.us,Evelyn,Jackson,1907,12,Memphis,Michigan
vde.us,Sebastian,Allen,1917,10,Houston,Oklahoma
vea.us,Amelia,Hayes,1902,9,Charlotte,Nebraska
vega.us,Gabriel,Young,1915,5,New York,Rhode Island
vegi.us,Avery,White,1911,7,New Orleans,Alaska
veu.us,Jacob,Gray,1922,4,Tucson,Alabama
vfh.us,Amelia,Clark,1925,7,Albuquerque,Tennessee
vgit.us,Alexander,Carter,1921,11,Los Angeles,Maine
vgk.us,Daniel,Turner,1907,4,Virginia Beach,South Dakota
vglt.us,Samuel,Bryant,1926,3,Louisville,Arizona
vgsh.us,Matthew,Cooper,1919,8,Long Beach,South Carolina
vgt.us,Nathan,Morgan,1920,9,Colorado Springs,Missouri
vht.us,Evelyn,Rivera,1910,8,Louisville,Michigan
vidi.us,Gabriel,Russell,1902,4,Phoenix,Maine
vig.us,Chloe,Bryant,1919,6,San Francisco,Louisiana
viix.us,Oliver,Taylor,1902,9,Oklahoma City,Montana
viiz.us,Jackson,Thomas,1905,6,Detroit,Kansas
viog.us,Isabella,Scott,1918,6,San Antonio,Kentucky
vioo.us,Benjamin,Carter,1923,7,Dallas,Michigan
viov.us,Emily,Campbell,1917,9,Los Angeles,Alabama
vis.us,Isabella,Rivera,1909,7,Seattle,Utah
vixm.us,Daniel,Lopez,1916,9,Baltimore,Utah
vixy.us,Evelyn,Moore,1921,1,Cleveland,Ohio
vlu.us,Elizabeth,Watson,1903,7,Baltimore,New Hampshire
vlue.us,Sophia,Stewart,1907,12,Milwaukee,Montana
vmbs.us,Samuel,Green,1924,12,Miami,New York
vnm.us,Alexander,Reed,1908,11,Milwaukee,New Hampshire
vnq.us,Ella,Rivera,1900,7,Cleveland,Delaware
vnqi.us,Daniel,Rogers,1920,7,Tulsa,Alabama
vo.us,Victoria,Morris,1918,10,San Francisco,Vermont
voe.us,Michael,Wilson,1929,10,Tampa,New Jersey
vone.us,David,Cook,1922,11,New York,Delaware
vong.us,Elijah,Rivera,1900,1,Tucson,New Hampshire
vonv.us,Mia,Wilson,1909,7,Indianapolis,North Carolina
voo.us,Samuel,Bennett,1908,12,San Francisco,Georgia
voog.us,Anthony,Rogers,1926,9,San Jose,Florida
voov.us,Mia,Carter,1913,12,Miami,Vermont
vot.us,Victoria,Scott,1915,11,Arlington,Utah
vox.us,Evelyn,Russell,1909,8,San Diego,Colorado
vpl.us,Amelia,Bennett,1920,9,Milwaukee,California
vpu.us,Anthony,Gray,1910,9,Raleigh,Michigan
vqt.us,Alexander,Bennett,1918,3,San Jose,North Carolina
vrp.us,Zoe,Watson,1913,6,Austin,Oklahoma
vss.us,Daniel,Lopez,1915,6,Raleigh,New York
vt.us,Hannah,Allen,1918,11,Tucson,North Carolina
vthr.us,Ethan,Gray,1918,9,Raleigh,Delaware
vti.us,Amelia,Murphy,1903,6,Long Beach,Michigan
vtip.us,Daniel,Hayes,1917,1,Fort Worth,Alaska
vtv.us,Ava,Hall,1921,3,Charlotte,Colorado
vtwg.us,Hannah,Carter,1926,4,Charlotte,Alaska
vtwo.us,Zoe,Gray,1923,1,Tampa,Delaware
vtwv.us,Elizabeth,King,1928,2,Jacksonville,Maine
vug.us,Charlotte,Bryant,1912,4,New York,New Mexico
vuse.us,Sophia,Thomas,1917,11,Tucson,South Dakota
vv.us,Scarlett,Hayes,1920,9,Philadelphia,New Hampshire
vwo.us,Sofia,Green,1930,6,Philadelphia,New Mexico
vwob.us,Madison,Rogers,1914,7,Nashville,Missouri
vxf.us,Daniel,Morgan,1911,8,Tampa,Iowa
vxus.us,Elizabeth,Miller,1900,9,New Orleans,Pennsylvania
vxx.us,Mia,Gray,1908,10,San Jose,Idaho
vxz.us,David,Lewis,1909,9,New Orleans,Rhode Island
vym.us,Joseph,Hill,1907,1,Charlotte,Alaska
wdiv.us,Oliver,Carter,1929,11,San Jose,South Dakota
wdti.us,William,Morris,1900,10,Kansas City,Arkansas
weat.us,Elijah,King,1919,1,Indianapolis,Kansas
weet.us,Joseph,Campbell,1916,12,Oakland,Idaho
wip.us,Gabriel,Parker,1912,3,Denver,Missouri
wmcr.us,Evelyn,Cook,1923,10,Minneapolis,Alabama
wmw.us,Henry,Campbell,1902,2,Denver,Vermont
wood.us,Jackson,Carter,1927,12,Miami,Hawaii
wps.us,Mia,Anderson,1915,5,Atlanta,Vermont
wrei.us,Evelyn,Brown,1922,6,San Diego,Arkansas
xar.us,Matthew,Cooper,1915,3,Indianapolis,Alaska
xbi.us,Madison,Diaz,1925,2,Detroit,Iowa
xes.us,Daniel,Parker,1905,3,San Jose,West Virginia
xhb.us,Matthew,Bryant,1901,11,Chicago,Indiana
xhe.us,Christopher,Baker,1904,2,Memphis,Georgia
xhs.us,Evelyn,Hall,1925,2,Seattle,Virginia
xiv.us,Charlotte,Jackson,1922,7,Long Beach,Massachusetts
xlb.us,Elijah,Gray,1907,6,Dallas,Vermont
xle.us,Abigail,Moore,1928,1,Tampa,Wisconsin
xlf.us,Michael,Hall,1926,9,Minneapolis,Louisiana
xlg.us,Ethan,Young,1918,8,New York,Nevada
xli.us,Matthew,Griffin,1906,3,San Antonio,Kentucky
xlk.us,Avery,Green,1907,6,Fresno,Montana
xlp.us,Elizabeth,Parker,1900,4,Phoenix,Arizona
xlu.us,Anthony,Murphy,1902,6,Oakland,West Virginia
xlv.us,Henry,Parker,1929,1,Long Beach,Idaho
xly.us,Jacob,King,1923,2,Detroit,Indiana
xme.us,Jack,Young,1922,3,Dallas,Wisconsin
xmlv.us,Samuel,White,1904,8,Cleveland,Alabama
xmpt.us,Ava,Lee,1927,9,Milwaukee,New Hampshire
xop.us,Daniel,Morgan,1907,12,Mesa,Delaware
xph.us,Ava,King,1902,6,Cleveland,Rhode Island
xpp.us,Nathan,Hall,1902,9,Los Angeles,Hawaii
xrlv.us,Daniel,Taylor,1900,2,Atlanta,Massachusetts
xrt.us,Benjamin,Davis,1902,9,Nashville,Nevada
xsd.us,Daniel,Green,1909,5,Phoenix,Idaho
xslv.us,Nathan,Young,1900,11,San Jose,New York
xsoe.us,Ava,Reynolds,1901,5,Oakland,Delaware
xsw.us,Amelia,Diaz,1912,12,San Francisco,Virginia
xt.us,Layla,Rogers,1919,2,Austin,Idaho
xtl.us,Oliver,Young,1904,1,Fort Worth,Iowa
xtn.us,Lily,Morris,1923,3,Phoenix,New Mexico
xvz.us,Michael,Campbell,1918,5,Baltimore,Texas
yang.us,Zoe,Rogers,1912,11,San Jose,Oregon
yao.us,Grace,Harris,1903,10,Phoenix,Delaware
ycl.us,Olivia,Reynolds,1914,12,Atlanta,Idaho
ycs.us,William,Thomas,1910,6,Washington,Massachusetts
ydiv.us,Evelyn,Turner,1901,2,Miami,Kansas
yinn.us,Hannah,Davis,1925,5,Virginia Beach,Idaho
ylco.us,Charlotte,Baker,1924,3,Philadelphia,Alabama
ymli.us,Avery,Watson,1908,7,Boston,Kentucky
ymlp.us,Isabella,Adams,1928,1,Boston,Minnesota
yxi.us,Scarlett,White,1909,8,San Diego,Oregon
yyy.us,Zoe,Reynolds,1928,3,Los Angeles,Louisiana
ziv.us,Jackson,Russell,1908,4,Cleveland,Kansas
zmlp.us,Ava,Hayes,1902,12,Albuquerque,Kansas
zroz.us,Olivia,Griffin,1930,2,Tampa,Oregon
zsl.us,Hannah,King,1912,3,Albuquerque,Missouri